userID,password
1,i3l
2,Epv
3,E8p
4,1EV
5,K9R
6,gkm
7,dAj
8,pn4
9,81w
10,HUA
11,G7x
12,S5n
13,ttN
14,SfX
15,3Gt
16,HOs
17,Kdd
18,TYu
19,647
20,0LJ
21,pcs
22,q8V
23,cqx
24,TMv
25,mOj
26,5IP
27,bbM
28,H5X
29,FFF
30,X2h
31,wzz
32,pTh
33,EHV
34,3CE
35,fVq
36,svG
37,mBI
38,6KV
39,Hkf
40,bLe
41,40D
42,5DS
43,x1X
44,UUj
45,oKD
46,RVx
47,Zy5
48,ri6
49,XbO
50,aWe
51,lY6
52,FW4
53,paD
54,YKS
55,qdL
56,Hx7
57,9l8
58,XyN
59,Cdz
60,zq4
61,7Fm
62,XqG
63,daG
64,9ss
65,EuE
66,VHx
67,3am
68,crb
69,EIw
70,4l0
71,dYn
72,4bf
73,OU8
74,2G5
75,NWJ
76,Cnx
77,lyM
78,03Q
79,BxL
80,C0J
81,lPL
82,ray
83,7pS
84,KfP
85,JNW
86,umY
87,VvA
88,0jm
89,uDq
90,nm8
91,F2f
92,s40
93,oU7
94,Gdt
95,08G
96,Hsb
97,5un
98,fxq
99,mVP
100,DAK
101,zws
102,F6h
103,GXk
104,rdt
105,2c3
106,NOO
107,cwL
108,MNf
109,vaj
110,V78
111,XFx
112,5JX
113,XkC
114,cXG
115,xlM
116,PYt
117,glD
118,69C
119,KeK
120,qrs
121,yAH
122,jsF
123,WZo
124,Lpw
125,4J0
126,E34
127,58V
128,xxD
129,Kml
130,2Oi
131,0CM
132,z9y
133,hxI
134,780
135,mCU
136,sUN
137,JBZ
138,Qv1
139,SZN
140,lDN
141,Mwl
142,wLz
143,atG
144,Qio
145,blW
146,D70
147,Z9z
148,dJv
149,BAW
150,D79
151,Vn5
152,rDW
153,VHs
154,52z
155,SGQ
156,vkk
157,WBH
158,bIR
159,2fh
160,Kuj
161,jCZ
162,fUb
163,RHQ
164,GGt
165,83L
166,yge
167,vZ7
168,7KX
169,jDL
170,8wx
171,u1x
172,Wol
173,xNS
174,M3u
175,ZGF
176,p83
177,SjY
178,Yq8
179,9s4
180,ZWR
181,lgz
182,Wnf
183,HMJ
184,Aqt
185,kwO
186,Ar7
187,18T
188,MIF
189,CD0
190,GjG
191,cDh
192,aD3
193,tFi
194,4xf
195,ORj
196,pSy
197,Gnh
198,ewt
199,sEH
200,LXT
201,CqR
202,QAq
203,PPV
204,a1d
205,ZpF
206,zxH
207,SZg
208,4a8
209,YJb
210,0Xm
211,SXB
212,neb
213,Ebc
214,XTV
215,pJi
216,PCF
217,7UI
218,Ht5
219,qEE
220,IFl
221,3wE
222,1Jd
223,yAV
224,WUT
225,ak8
226,aeC
227,yhU
228,3Sf
229,TZ6
230,7OF
231,dz2
232,uZr
233,46h
234,E47
235,ick
236,Uwq
237,Vne
238,udi
239,tRL
240,l0m
241,wA3
242,fQP
243,Akz
244,4nn
245,pe9
246,VW1
247,p0i
248,xkZ
249,v35
250,05y
251,4kb
252,3rh
253,2OL
254,7pD
255,ls2
256,G6B
257,Cvh
258,IRd
259,Jex
260,gU7
261,8VT
262,bCN
263,BAo
264,9hC
265,8ky
266,RPH
267,SIt
268,aJF
269,FqL
270,3CH
271,8Zj
272,FMH
273,AM4
274,82U
275,5mm
276,gNv
277,k25
278,WjK
279,pQm
280,gpc
281,frx
282,yNh
283,DoR
284,GQ2
285,Lea
286,Fdw
287,aha
288,iSv
289,dPt
290,npA
291,mbz
292,fv9
293,ifT
294,KRj
295,HbF
296,F0v
297,YV4
298,Fa1
299,5xa
300,ATM
